temp,app_temp,hum,wind_speed,wind_bear,vis,press
-0.9451902858368557,-0.931510599874748,0.7969499210888409,-0.11333452096804998,-0.053710344767327375,-0.5888780243789433,-0.01098316006341103
-0.14392117491912285,-0.19819478815114475,-0.15636673007743637,0.8278686748701667,0.5498997665145071,0.12819368465789638,-0.2562887378868234
0.07800648543801027,0.07924652599128683,-0.02927097227402614,-0.06274692547867182,-0.245393292723081,-0.2382664278847442,-0.9356174171531256
-0.10653247058411458,-0.1448874997679195,-0.20167481152301264,0.46066717319913275,-0.793457045818957,0.10844407061286707,0.13475184179346764
