temp,app_temp,hum,wind_speed,wind_bear,vis,press
-0.9451902858368589,-0.9315105998747528,0.7969499210888431,-0.11333452096804972,-0.05371034476732687,-0.5888780243789445,-0.010983160063411459
-0.14392117491912282,-0.19819478815114466,-0.1563667300774386,0.8278686748701675,0.5498997665144988,0.1281936846578961,-0.25628873788682416
0.07800648543800702,0.07924652599128196,-0.029270972274032452,-0.06274692547865492,-0.24539329272311255,-0.23826642788474042,-0.9356174171531166
-0.10653247058411756,-0.14488749976792187,-0.2016748115230094,0.4606671731991299,-0.7934570458189528,0.10844407061287974,0.1347518417935019
